﻿<?xml version="1.0" encoding="utf-8"?>
<Defs>
  <RecipeDef>
    <defName>RecycleThis</defName>
    <label>Scrap apparel</label>
    <description>Scrap apparel yielding part of it's resources back.</description>
    <jobString>Scrapping apparel.</jobString>
    <workAmount>1600</workAmount>
    <workSpeedStat>GeneralLaborSpeed</workSpeedStat>
    <effectWorking>Tailor</effectWorking>
    <soundWorking>Recipe_Tailor</soundWorking>
    <workSkill>Crafting</workSkill>
    <specialProducts>
      <li>Smelted</li>
    </specialProducts>
    <ingredients>
      <li>
        <filter>
          <categories>
            <li>Apparel</li>
          </categories>
        </filter>
        <count>1</count>
      </li>
    </ingredients>
    <fixedIngredientFilter>
      <categories>
        <li>Apparel</li>
      </categories>
      <specialFiltersToDisallow>
        <li>AllowSmeltableApparel</li>
      </specialFiltersToDisallow>
    </fixedIngredientFilter>
    <forceHiddenSpecialFilters>
      <li>AllowNonSmeltableApparel</li>
      <li>AllowBurnableApparel</li>
      <li>AllowNonBurnableApparel</li>
    </forceHiddenSpecialFilters>
  </RecipeDef>

</Defs>