<?xml version="1.0" encoding="utf-8"?>
<Patch>
    <Operation Class="PatchOperationAdd">
        <xpath>*/DesignationCategoryDef[defName = "Orders"]/specialDesignatorClasses</xpath>
        <value>
            <li>RecycleThis.Designator_DestroyThing</li>
            <li>RecycleThis.Designator_RecycleThing</li>
        </value>
    </Operation>

    <Operation Class="PatchOperationReplace">
        <xpath>Defs/WorkTypeDef[defName="Crafting"]/naturalPriority</xpath>
        <value>
            <naturalPriority>430</naturalPriority>
        </value>
    </Operation>

    <Operation Class="PatchOperationReplace">
        <xpath>Defs/WorkTypeDef[defName="Art"]/naturalPriority</xpath>
        <value>
            <naturalPriority>400</naturalPriority>
        </value>
    </Operation>

    <Operation Class="PatchOperationReplace">
        <xpath>Defs/WorkGiverDef[defName="DoBillsSmelter"]/workType</xpath>
        <value>
            <workType>RecycleThis_Recycle</workType>
        </value>
    </Operation>

</Patch>